,pdb_id
0,NCD3G
1,MH2
2,Clathrin_H_link
3,Phosphodiest
4,Ribosomal_L35Ae
5,STAT_int
6,nsp8
7,Adhes-Ig_like
8,Gal-bind_lectin
9,APOBEC_C
10,Perilipin
11,DNA-PKcs_N
12,PADR1
13,KA1
14,DNA_pol_B_thumb
15,APP_N
16,Ribosomal_S8e
17,HHH
18,Semialdhyde_dh
19,PLAT
20,Beta-lactamase
21,DNA_ligase_IV
22,PHO4
23,Ham1p_like
24,I-EGF_1
25,HTH_40
26,Ribosomal_S21e
27,MKLP1_Arf_bdg
28,Chorismate_synt
29,Peptidase_S29
30,NADH_dehy_S2_C
31,Pyridoxal_deC
32,NOD
33,Glyco_hydro_56
34,HHH_8
35,RHIM
36,IDO
37,Tat
38,GSHPx
39,Polycystin_dom
40,DUF1518
41,tRNA_bind
42,MAPEG
43,Multi_Drug_Res
44,fn3
45,E1_DerP2_DerF2
46,HDAC4_Gln
47,Methyltransf_3
48,PYNP_C
49,RPN1_C
50,BCDHK_Adom3
51,Ribosomal_L10
52,Peptidase_M27
53,Ribosomal_L24e
54,Peptidase_M19
55,EphA2_TM
56,GST_N
57,KIF1B
58,XPG_N
59,Serpin
60,YopE
61,Cation_ATPase_C
62,FAD_binding_3
63,PDZ
64,UvrD_C
65,Xpo1
66,DNAPolymera_Pol
67,Skp1_POZ
68,Peptidase_M9_N
69,FAD_binding_4
70,NADH_4Fe-4S
71,Ubiquitin_3
72,Tcell_CD4_C
73,Toxin_R_bind_C
74,TPR_MLP1_2
75,Glft2_N
76,TSP_3
77,APP_amyloid
78,PWWP
79,Gp_dh_C
80,SOAR
81,Ssu72
82,NEXCaM_BD
83,PHD_2
84,Mad3_BUB1_I
85,APP_Cu_bd
86,GF_recep_IV
87,APC_u15
88,PAD_M
89,DHHA1
90,Ribosomal_S10
91,Neur
92,Somatomedin_B
93,Ig_mannosidase
94,Vanin_C
95,V-ATPase_C
96,PAS_3
97,PDT
98,Rotamase
99,Connexin43
100,Rho_Binding
101,RNA_pol_Rpb1_3
102,RNA_pol_Rpb2_6
103,Myb_DNA-bind_2
104,Prot_ATP_ID_OB
105,HAD_2
106,Nsp1
107,DNA_pol_B_3
108,NUC194
109,PP-binding
110,Poxvirus
111,PEN-2
112,tRNA-synt_1d
113,CUB
114,POT1PC
115,SUD-M
116,Rhomboid
117,PARP
118,NAPRTase
119,MAGE
120,IBR
121,Alpha-amylase
122,ChitinaseA_N
123,Pyr_redox_dim
124,FTP
125,DUF1081
126,Lep_receptor_Ig
127,Pantoate_ligase
128,Potassium_chann
129,S-AdoMet_synt_M
130,JHD
131,RNA_pol_Rpb1_7
132,Myb_DNA-binding
133,Ribosomal_S17_N
134,PMSR
135,UBA
136,GP41
137,KR
138,ADH_zinc_N
139,Oxidored_q5_N
140,HECT
141,Flavi_capsid
142,Peptidase_M16
143,Myosin_head
144,Heme_oxygenase
145,NLRC4_HD2
146,RIP
147,HGTP_anticodon2
148,DED
149,EB1_binding
150,KSR1-SAM
151,Dna2
152,AAA_6
153,DNA_topoisoIV
154,OGG_N
155,Glyco_hydro_2
156,PPV_E1_N
157,BRK
158,ARA70
159,PUB_1
160,CTNNB1_binding
161,Nsp3_PL2pro
162,Thiolase_N
163,tRNA-synt_1b
164,NmU-R2_C_term
165,Integrin_beta
166,zf-Tim10_DDP
167,QSOX_Trx1
168,TPX2_importin
169,PDZ_6
170,OTCace_N
171,MBD_C
172,FGF
173,DSS1_SEM1
174,Guanylate_kin
175,Hexapep_2
176,GlfT2_domain3
177,NR_Repeat
178,PALP
179,P53
180,PLDc
181,BNR
182,Clathrin_propel
183,Orn_Arg_deC_N
184,IQ
185,NTP_transferase
186,TPX2
187,Glyco_hydro38C2
188,Ribosomal_L14e
189,MIR
190,Ribosomal_S18
191,RdRP_1
192,ATP-synt_ab
193,Cpn10
194,IMS
195,CSN8_PSD8_EIF3K
196,ERbeta_N
197,AOX
198,RICTOR_V
199,PAD_N
200,TIR
201,Gate
202,CoV_NSP3_C
203,tRNA-synt_His
204,MGS
205,FKBP_N
206,BTB_2
207,SAMP
208,ATP-synt_ab_N
209,ADPrib_exo_Tox
210,Hint
211,Ribosomal_L22
212,AhpC-TSA
213,LRR_12
214,Cu_amine_oxidN2
215,FCH
216,Rotamase_3
217,1-cysPrx_C
218,CK1gamma_C
219,FERM_F1
220,IKKbetaNEMObind
221,BRCT_assoc
222,Formyl_trans_C
223,PCAF_N
224,Gastrin
225,EPL1
226,NADHdh_A3
227,PKD
228,COR
229,TGF_beta_GS
230,Ribosomal_S6e
231,Androgen_recep
232,PAS_9
233,HSF_DNA-bind
234,Ribosomal_L27e
235,RPN6_N
236,Vif
237,Bcl-2
238,Nucleos_tra2_N
239,Pirin
240,CoV_S1_C
241,DUF1856
242,Bim_N
243,SIS
244,Ribosomal_L6
245,Homeobox
246,Ribosomal_L11_N
247,DUF3694
248,NDUF_C2
249,EZH2_WD-Binding
250,FGGY_N
251,AIRS_C
252,HN
253,Cdh1_DBD_1
254,Pyr_redox_2
255,YTH
256,Annexin
257,MLD
258,nsp7
259,ABC2_membrane_7
260,Ribosomal_S8
261,NDUFA12
262,DNA_pol_A_exo1
263,Ant_C
264,Arrestin_C
265,MTP_lip_bd
266,ACT
267,UCH_C
268,Propeptide_C1
269,STAT6_C
270,MAP2_projctn
271,B56
272,MAGE_N
273,Pico_P1A
274,DUF4981
275,Actin
276,Rep-A_N
277,ETC_C1_NDUFA5
278,ATP-synt_ab_C
279,MG1
280,PMI_typeI_hel
281,SRCR
282,ATP-gua_Ptrans
283,RNase_T
284,Vert_HS_TF
285,SIN1_PH
286,Ribosomal_L2_C
287,Prenyltransf
288,Transglut_C
289,SUB1_ProdP9
290,AChE_tetra
291,Gag_p17
292,zf-C4_Topoisom
293,P2X_receptor
294,DAG_kinase_N
295,ADH_N
296,KAsynt_C_assoc
297,CBF_beta
298,CBX7_C
299,DAO
300,Glu-tRNAGln
301,Coprogen_oxidas
302,Translin
303,zf-DNA_Pol
304,Mab-21
305,TcdA_TcdB_pore
306,NUC202
307,FBPase_C
308,PUB
309,DOT1
310,Cadherin_pro
311,PFL-like
312,P5CR_dimer
313,Methyltransf_12
314,PHD
315,Lectin_legB
316,Synapsin_N
317,Gla
318,WD40
319,Raptor_N
320,AMP_deaminase
321,Peptidase_M14
322,NAD_binding_6
323,Syndecan
324,Peptidase_C1
325,NSP13
326,bCoV_S1_RBD
327,ATP-synt_B
328,Ank
329,DNApol_Exo
330,Arabinose_trans
331,fn1
332,F420_oxidored
333,PAM2
334,Peptidase_S11
335,Cytochrom_B_C
336,cPLA2_C2
337,Sterol-sensing
338,RecQ_Zn_bind
339,HCV_env
340,DNA_pol_alpha_N
341,ASK_PH
342,Ribosomal_L44
343,Fer2_3
344,FAD_SOX
345,DS
346,Flavi_NS4A
347,Vps23_core
348,Alpha-mann_mid
349,tRNA_anti-codon
350,zf-A20
351,Cyclin
352,RPN1_RPN2_N
353,RNA_pol_Rpb1_6
354,HIF-1a_CTAD
355,Alpha_TIF
356,DNA_pol3_finger
357,UBA2_C
358,DUF4927
359,PLA2G12
360,PRK
361,GFO_IDH_MocA
362,RabGAP-TBC
363,APC_15aa
364,APC_u9
365,AIP3
366,Plectin
367,Cytokin-bind
368,OTU
369,Propep_M14
370,ADH_N_2
371,MG3
372,Ribosomal_S27
373,HisK-N-like
374,MDD_C
375,RNA_pol_Rpb2_45
376,Presenilin
377,Telomerase_RBD
378,PHD_4
379,Ribosomal_L31
380,MFS_1
381,Notch
382,FYRN
383,CDP-OH_P_transf
384,BIR
385,SH3_2
386,IGFBP
387,Cys_knot
388,DUF592
389,CDI
390,IBN_N
391,SHMT
392,Trypsin_2
393,ETC_C1_NDUFA4
394,ASF1_hist_chap
395,Aminotran_3
396,CoV_S2
397,LRRNT
398,PGK
399,Chitin_synth_1
400,LMSTEN
401,PapD_N
402,LRR_1
403,EIF_2_alpha
404,Glyoxalase
405,NGF
406,FAD_binding_8
407,RunxI
408,FAE1_CUT1_RppA
409,DUF1958
410,MWFE
411,zf-RanBP
412,P_proprotein
413,DUF5600
414,Acyltransferase
415,STAT_alpha
416,CD45
417,A2M_comp
418,MCD_N
419,DNA_gyraseB
420,FERM_F2
421,pKID
422,ING
423,DNA_pol3_a_NI
424,ProRS-C_1
425,Lipase_GDSL_2
426,RasGEF_N
427,5_3_exonuc
428,F_actin_bind
429,CNH
430,PKD_channel
431,DUF3409
432,tRNA-synt_1g
433,Bgal_small_N
434,Cu-oxidase_2
435,2OG-FeII_Oxy_3
436,Sushi
437,UCH
438,HCV_core
439,DUF902
440,Ribosomal_S13_N
441,RQC
442,STPPase_N
443,PCSK9_C1
444,PUMA
445,Pur_DNA_glyco
446,FANCF
447,EF-hand_1
448,ribosomal_L24
449,Glycos_transf_4
450,RVT_thumb
451,RANK_CRD_2
452,Spectrin
453,Peptidase_C53
454,ATP-synt
455,Pre-SET
456,Kinesin_assoc
457,Rb_C
458,Ribosomal_S17e
459,EGF_2
460,Suv3_N
461,BNR_2
462,His_Phos_1
463,Complex1_51K
464,Gag_p19
465,Methyltransf_23
466,PKD_4
467,DUF3337
468,Cation_ATPase_N
469,Anth_Ig
470,GTPase_binding
471,RED_C
472,Metallophos
473,Transket_pyr
474,Flavi_NS4B
475,Ribosomal_S24e
476,FimH_man-bind
477,Folate_carrier
478,APEH_N
479,ThiF
480,UIM
481,HELP
482,SEA
483,ABC_tran
484,Acyl-CoA_dh_M
485,Transketolase_C
486,Binary_toxB_3
487,Carboxyl_trans
488,Ribosomal_S2
489,Integrin_alpha2
490,HCV_NS5a_1a
491,Pterin_bind
492,S-AdoMet_synt_N
493,M16C_assoc
494,DUF1713
495,Gp_dh_N
496,FYVE
497,DUF4071
498,Flu_PA
499,Ku_C
500,LRRCT
501,DHR-2_Lobe_B
502,Dishevelled
503,DUF1939
504,CW_binding_1
505,Galactosyl_T
506,DFP
507,CPSF_A
508,CoV_NSP15_M
509,malic
510,ADD_DNMT3
511,Kv2channel
512,Glyco_hydro_14
513,TRP_2
514,MACPF
515,Cys_Met_Meta_PP
516,zf-C3HC4
517,Sulfatase_C
518,Peptidase_C14
519,Peptidase_M13_N
520,Ribos_L4_asso_C
521,Thiolase_C
522,WSC
523,Ceramidase
524,GDA1_CD39
525,Exonuc_V_gamma
526,Focal_AT
527,Sugar_tr
528,STAR_dimer
529,BDHCT_assoc
530,PPV_E1_DBD
531,Motilin_assoc
532,B12D
533,PAS_11
534,DIX
535,HSP70
536,HEAT
537,CAC1F_C
538,IMS_HHH
539,Dala_Dala_lig_N
540,Peptidase_M49
541,DXP_redisom_C
542,Ribosomal_S19e
543,BNR_3
544,Chorismate_bind
545,SPRY
546,HCV_NS5a_1b
547,BH4
548,Rhv
549,AdoHcyase
550,BsuBI_PstI_RE_N
551,TPMT
552,Glyco_hydro_38
553,AIMP2_LysRS_bd
554,H2TH
555,ColG_sub
556,CPSase_L_D2
557,Ribosomal_L37e
558,zf-H2C2
559,Ribosomal_S4e
560,DNA_pol_lambd_f
561,Ets
562,DcpS
563,Crystallin
564,APC_u14
565,Nuc_rec_co-act
566,nsp9
567,ESSS
568,Pur_ac_phosph_N
569,ANP
570,G_glu_transpept
571,DNA_pol3_alpha
572,zf-C2H2_6
573,Mur_ligase_C
574,zf-H3C2
575,PAP2_C
576,PMP22_Claudin
577,40S_SA_C
578,Flu_NS1
579,SKI
580,C2-set_2
581,PI3_PI4_kinase
582,UDPGT
583,zf-MYST
584,Fz
585,Flavodoxin_1
586,Phospholip_A2_1
587,tRNA_m1G_MT
588,DHHA2
589,MaoC_dehydratas
590,FA
591,LsmAD
592,FTHFS
593,Put_Phosphatase
594,MarR
595,5_nucleotid_C
596,Peptidase_M48_N
597,Bromodomain
598,SAM_decarbox
599,FERM_M
600,PASTA
601,LANC_like
602,KPBB_C
603,PMT_4TMC
604,Ank_5
605,DUF3416
606,F-box
607,GST_N_3
608,Transgly
609,DNA_pol_P_Exo
610,V_ATPase_I
611,Complex1_30kDa
612,ISK_Channel
613,PPIP5K2_N
614,A2M_N_2
615,FAD_binding_5
616,Ribosomal_S5_C
617,Cu_amine_oxidN3
618,DNA_ligase_ZBD
619,VEFS-Box
620,VWC
621,OATP
622,AICARFT_IMPCHas
623,HAT_KAT11
624,AA_kinase
625,Ribonuc_red_sm
626,PEPCK_C
627,Mre11_DNA_bind
628,HSP20
629,Lectin_N
630,APC_rep
631,TFR_dimer
632,PMT
633,Flavi_NS2A
634,CK_II_beta
635,Rhabdo_glycop
636,GMP_synt_C
637,Na_Pi_cotrans
638,Gln-synt_N
639,2-Hacid_dh_C
640,NMDAR2_C
641,Toxin_R_bind_N
642,ESR1_C
643,PH_3
644,CTP_transf_like
645,HCV_NS1
646,NADH_oxidored
647,LRR_6
648,Ribosomal_S13
649,Corona_RPol_N
650,Melibiase
651,Ribosomal_S16
652,FA_desaturase
653,Ig_2
654,Glyco_hydro_18
655,MHCassoc_trimer
656,Ldh_1_C
657,Adenine_glyco
658,PPC
659,P53_tetramer
660,Trypsin
661,DHR-2
662,PIK3CG_ABD
663,TPP_enzyme_M
664,Hpr_kinase_N
665,Ceramidase_alk
666,TAD2
667,Peptidase_S6
668,MORN
669,Sox_N
670,DHH
671,Hemagglutinin
672,Abhydrolase_1
673,Lactamase_B
674,IL17
675,Reprolysin_5
676,HHH_5
677,MOZ_SAS
678,tRNA-synt_1_2
679,Alpha_L_fucos
680,adh_short_C2
681,PX
682,YSIRK_signal
683,tRNA-synt_2b
684,Collagen
685,IL1_propep
686,Ribosomal_L18p
687,Synapsin
688,Dpp_8_9_N
689,RrnaAD
690,Myosin_tail_1
691,PhoR
692,LuxS
693,Ribosomal_L38e
694,MHC2-interact
695,Malic_M
696,RhoGEF
697,Sel1
698,Patched
699,NTR
700,Ribosomal_S7
701,Glyco_hydro_59M
702,GPHH
703,MALT1_Ig
704,HATPase_c_5
705,FolB
706,Ribosomal_S28e
707,XPA_C
708,DNA_gyraseA_C
709,FabA
710,SCP2_2
711,DP
712,Glyco_hydro_2_N
713,Neur_chan_memb
714,DNA_pol_A
715,Macscav_rec
716,CarboxypepD_reg
717,CPSase_L_D3
718,VIT
719,Thymidylate_kin
720,zf-C5HC2
721,zf-C3HC4_3
722,SWIB
723,Methyltransf_PK
724,PSI_integrin
725,DNA_pol3_beta
726,TcdB_N
727,FGGY_C
728,GAF
729,Ribosomal_S20p
730,DNA_gyraseB_C
731,Pro_racemase
732,Glyco_transf_7C
733,BRCT_2
734,GBR2_CC
735,Peptidase_M1_N
736,IPK
737,Binary_toxB_2
738,SLED
739,OB_NTP_bind
740,RNase_H
741,Transposase_1
742,Gag_p30
743,VHL
744,EGF_CA
745,CRF-BP
746,NADH-G_4Fe-4S_3
747,Epimerase
748,Plk4_PB2
749,SAD_SRA
750,MPC
751,TIG_SUH
752,Cmyb_C
753,TPPII
754,Lyase_8_C
755,KH_2
756,Kazal_2
757,EGF
758,Peptidase_M16_C
759,Inositol_P
760,RRM_1
761,Hairy_orange
762,Myc_N
763,SE
764,PI3K_C2
765,ACC_central
766,C2-set
767,Myosin_N
768,T_Ag_DNA_bind
769,PTN_MK_C
770,DNA_methylase
771,Prenyltrans
772,Thymidylat_synt
773,E1-E2_ATPase
774,FPN1
775,PCSK9_C2
776,Enolase_C
777,Motilin_ghrelin
778,CYLD_phos_site
779,Bclx_interact
780,Calc_CGRP_IAPP
781,LysR_substrate
782,CS
783,CRM1_repeat_3
784,TIP49_C
785,Sod_Fe_N
786,Bcl-2_BAD
787,SUIM_assoc
788,ECH_1
789,Ldh_1_N
790,UCR_TM
791,Sulfotransfer_3
792,Cu_amine_oxid
793,bZIP_1
794,GHL13
795,DUF5303
796,DcpS_C
797,FXa_inhibition
798,PPARgamma_N
799,HSA
800,NDUF_B12
801,Fer2
802,HisKA
803,TRPM_tetra
804,CoV_NSP15_N
805,Sclerostin
806,Glyco_transf_28
807,Sec7
808,TIP49
809,DNA_pol3_beta_3
810,Ribosomal_L17
811,Biotin_carb_C
812,DUF498
813,K_oxygenase
814,TPR_12
815,RasGEF_N_2
816,Dpy-30
817,RBD
818,Citrate_synt
819,Ribosomal_S19
820,DNA_pol3_a_NII
821,Hemocyanin_M
822,NtCtMGAM_N
823,TPR_7
824,SRC-1
825,YopH_N
826,CIMR
827,PARP_reg
828,TPR_11
829,Ldl_recept_a
830,MHC_I_C
831,M-inducer_phosp
832,Sterol_MT_C
833,hDGE_amylase
834,Glyco_hydro_38C
835,Glycos_transf_3
836,EBP50_C
837,GATA-N
838,Sdh_cyt
839,Ferric_reduct
840,H-K_ATPase_N
841,RNA_pol_Rpb6
842,HCV_NS5a_C
843,YEATS
844,IF4E
845,THF_DHG_CYH
846,HIF-1
847,TNFR_16_TM
848,Topoisom_I_N
849,Kringle
850,Cu2_monoox_C
851,PgdA_N
852,Nitroreductase
853,L6_membrane
854,DUF1897
855,START
856,CoA_binding
857,Haspin_kinase
858,Dynein_C
859,PDE8
860,HIN
861,Cadherin
862,Ribosomal_L11
863,Fer2_4
864,fn2
865,Esterase
866,Vps35
867,FHA_2
868,Nicastrin
869,NHL
870,Ins145_P3_rec
871,UME
872,Amidohydro_2
873,Xlink
874,PBP_dimer
875,DNA_binding_1
876,COX2_TM
877,Ku_PK_bind
878,MHC_II_beta
879,Connexin
880,HCV_capsid
881,NTP_transf_3
882,BTD
883,SnAC
884,DUF3385
885,CM_2
886,CENP-T_C
887,BetaGal_dom4_5
888,NAP
889,MHC_I
890,Topoisom_bac
891,DNA_ligase_A_M
892,NDUF_B5
893,Glyco_hydro_79n
894,Amidase
895,GMP_PDE_delta
896,AAA_lid_11
897,SAM_KSR1_N
898,TDP43_N
899,PTP_tm
900,LRR_4
901,LRR_8
902,ICL
903,CDC48_2
904,7tm_1
905,cNMP_binding
906,IRK_C
907,IKBKB_SDD
908,Methyltransf_31
909,A2M_recep
910,VHL_C
911,Flavi_glycop_C
912,ketoacyl-synt
913,IN_DBD_C
914,E3_binding
915,Ribonuclease_P
916,SRI
917,G6PD_N
918,Pirin_C
919,Lipoxygenase
920,GARS_A
921,AAA_12
922,Flavi_DEAD
923,FTO_CTD
924,NAD_binding_1
925,Dus
926,Cpn60_TCP1
927,TIR_2
928,DEAD
929,PKcGMP_CC
930,Telomere_res
931,Thioredoxin_16
932,NOD2_WH
933,DUF3517
934,PCI
935,Clathrin-link
936,Y_phosphatase3
937,RIH_assoc
938,Peptidase_M10
939,CN_hydrolase
940,DNase_II
941,TetR_N
942,KCNQ2_u3
943,AAA_30
944,Ribonuc_red_lgC
945,Fusion_gly
946,ATP-gua_PtransN
947,Cullin_Nedd8
948,DNA_pol3_beta_2
949,FAD_binding_2
950,Sialidase
951,Arm_APC_u3
952,Integrin_B_tail
953,M20_dimer
954,SET
955,Glyco_hydro_42C
956,DHC_N1
957,EF-hand_6
958,Melibiase_C
959,Folate_rec
960,Pyr_redox
961,PARG_cat
962,NADH_B2
963,PTEN_C2
964,TBK1_CCD1
965,Late_protein_L1
966,FERM_C
967,RWD
968,PBP1_TM
969,KELK
970,TIM
971,GrpE
972,zf-FPG_IleRS
973,CDK5_activator
974,IspD
975,EBP
976,Glycos_transf_2
977,RICTOR_M
978,GAD
979,ATP-synt_DE_N
980,DSPn
981,TBK1_ULD
982,Methyltransf_1N
983,Glyco_transf_41
984,PAD
985,Globin
986,Creatinase_N
987,CBM26
988,zf-CW
989,Glycos_trans_3N
990,6PGD
991,RIX1
992,SBF
993,Arm
994,CoV_NSP2_N
995,Hat1_N
996,TMEM173
997,VEGF_C
998,PIP5K
999,CRAL_TRIO_2
1000,Peptidase_S8
1001,Ribosomal_S17
1002,CholecysA-Rec_N
1003,ANF_receptor
1004,NAGidase
1005,Acatn
1006,PTPRCAP
1007,G-alpha
1008,PAC2
1009,Hydrolase
1010,RS4NT
1011,CaMBD
1012,ASMase_C
1013,RIO1
1014,RE_ScaI
1015,Thy1
1016,Flavi_propep
1017,TUDOR_5
1018,PMI_typeI_cat
1019,Ank_3
1020,Hepsin-SRCR
1021,ADAM_spacer1
1022,Glyco_transf_21
1023,IRK
1024,S4
1025,GLF
1026,Neil1-DNA_bind
1027,Tudor_4
1028,SAP
1029,PDZ_assoc
1030,Vitellogenin_N
1031,Flavi_NS5
1032,PCNA_N
1033,PCSK9_C3
1034,40S_S4_C
1035,BCOR
1036,SLC12
1037,Ribosomal_L20
1038,LRAT
1039,Ca_chan_IQ
1040,Gasdermin
1041,CheW
1042,Peptidase_C12
1043,Ac45-VOA1_TM
1044,Ribosomal_L6e
1045,SUV3_C
1046,DPPIV_rep
1047,Peptidase_M28
1048,preSET_CXC
1049,CSN5_C
1050,NMT_C
1051,UDG
1052,Transglut_core
1053,HSP90
1054,DAGK_acc
1055,Adenylsucc_synt
1056,SH3_1
1057,TPR_16
1058,ERO1
1059,Cullin
1060,SAM_2
1061,PAS
1062,CH
1063,Response_reg
1064,Ribosomal_S30
1065,DUF5710
1066,DNA_ligase_A_C
1067,NDUF_B8
1068,HSV_VP16_C
1069,Ofd1_CTDD
1070,TNF
1071,Oxidored_q4
1072,tRNA-synt_2c
1073,adh_short
1074,CD36
1075,COLFI
1076,Peptidase_C54
1077,S_100
1078,Neurokinin_B
1079,APC_basic
1080,Integrase_Zn
1081,BTB
1082,CLP_protease
1083,UB2H
1084,DAGK_cat
1085,SLT_beta
1086,dCMP_cyt_deam_1
1087,Phosphorylase
1088,Gag_p12
1089,CheY-binding
1090,RVP
1091,NADH_dh_m_C1
1092,HEAT_2
1093,Anthrax-tox_M
1094,Ald_Xan_dh_C2
1095,Peptidase_S31
1096,Ribosomal_L19
1097,Gal_mutarotas_2
1098,Fibrinogen_C
1099,Autotransporter
1100,Peptidase_S7
1101,GST_C_3
1102,SecA_DEAD
1103,DAGAT
1104,Nucleoside_tran
1105,Prion
1106,SENP3_5_N
1107,Ribosomal_L4
1108,L27
1109,Alpha-amylase_C
1110,Pertactin
1111,PH_12
1112,Ribosomal_L30_N
1113,Peptidase_S13
1114,HRDC
1115,Fumble
1116,FRB_dom
1117,Trp_dioxygenase
1118,NODP
1119,Ribosomal_L32e
1120,S8_pro-domain
1121,AAA_lid_3
1122,K_channel_TID
1123,PTS_2-RNA
1124,FG-GAP
1125,Viral_protease
1126,Amidohydro_1
1127,ATP1G1_PLM_MAT8
1128,zf-CCHC
1129,DALR_1
1130,TAXi_N
1131,PepSY
1132,SecA_PP_bind
1133,Glyco_hydro_42M
1134,PrmA
1135,Mito_carr
1136,Kinesin
1137,Retro_M
1138,Hexokinase_2
1139,Ribosomal_L28
1140,ELO
1141,UBA_e1_thiolCys
1142,Flavi_NS2B
1143,FHA
1144,WWE
1145,zf-UBP_var
1146,NIF
1147,Calpain_III
1148,LAG1-DNAbind
1149,Gln-synt_C
1150,E6
1151,NAD_kinase
1152,NDUF_B4
1153,SDF
1154,DXP_reductoisom
1155,Gly_rich
1156,PDGF_N
1157,Ribosomal_L23
1158,Glucosamine_iso
1159,Tubulin
1160,PIG-L
1161,ERAP1_C
1162,DNAP_B_exo_N
1163,Asp
1164,Cadherin_C
1165,A_deaminase
1166,ATLF
1167,Ribonuclease
1168,Tudor_2
1169,Rap1_C
1170,3-HAO
1171,Glyco_tran_28_C
1172,Serum_albumin
1173,Troponin-I_N
1174,ATG7_N
1175,Acetyltransf_1
1176,Anoct_dimer
1177,Condensation
1178,HTH_11
1179,SH3_19
1180,Flavi_NS5_thumb
1181,Peptidase_M4_C
1182,PTN13_u3
1183,RNA_pol_L
1184,NO_synthase
1185,TK
1186,PDE4_UCR
1187,ABC_trans_N
1188,EF-hand_8
1189,Oxidored_q6
1190,FOXO-TAD
1191,Rad51
1192,RNA_pol_Rpb1_2
1193,Mur_ligase_M
1194,TcdA_TcdB
1195,Glyco_hydro_36C
1196,RA
1197,Pneumo_phosprot
1198,Peptidase_M9
1199,SSXRD
1200,MAM
1201,NNMT_PNMT_TEMT
1202,RPOL_N
1203,Autoind_bind
1204,CXCR4_N
1205,SSF
1206,Dsh_C
1207,GTP_EFTU_D3
1208,Ribosomal_S27e
1209,Pribosyltran_N
1210,QLQ
1211,Phe_tRNA-synt_N
1212,IL6Ra-bind
1213,zf-CXXC
1214,HTH_Crp_2
1215,DXP_synthase_N
1216,Lig_chan-Glu_bd
1217,PHP
1218,RYDR_ITPR
1219,Glyco_hydro_31
1220,CRAL_TRIO
1221,Abhydrolase_3
1222,STAS
1223,Lactamase_B_2
1224,Cauli_VI
1225,PUFD
1226,PD40
1227,Zn_dep_PLPC
1228,UEV
1229,zf-GRF
1230,NEMO
1231,Thioredoxin
1232,Spermine_synth
1233,AMP_N
1234,SMG1
1235,Mst1_SARAH
1236,RhoGAP
1237,USP8_dimer
1238,UT
1239,Alk_phosphatase
1240,Melibiase_2_C
1241,Flavi_glycoprot
1242,HHH_6
1243,Dala_Dala_lig_C
1244,Ion_trans_N
1245,MCD
1246,DUF1053
1247,zf-C4
1248,Urease_gamma
1249,REJ
1250,CFTR_R
1251,ATP-synt_A
1252,Glyco_hydro_20
1253,INCENP_N
1254,BRCT_3
1255,Exo_endo_phos
1256,RNA_pol_Rpb1_1
1257,PTPA
1258,Pneumo_ncap
1259,RNA_pol_A_bac
1260,PABP
1261,eIF_4EBP
1262,Lipid_DES
1263,Ribosomal_S26e
1264,HhH-GPD
1265,Peptidase_C74
1266,Creatinase_N_2
1267,SAICAR_synt
1268,Anticodon_1
1269,Orexin_rec2
1270,PLU-1
1271,APC_N_CC
1272,Myc-LZ
1273,Acetyltransf_7
1274,TGS
1275,zf-C6H2
1276,Peptidase_S28
1277,PH_14
1278,Ribosomal_S3_C
1279,tRNA-synt_1c_C
1280,KIX
1281,CHGN
1282,Ribosomal_S7e
1283,Calx-beta
1284,CARD
1285,ACOX
1286,Hep_core_N
1287,PMM
1288,MurB_C
1289,TOH_N
1290,Rad52_Rad22
1291,BetaGal_dom3
1292,Ribosomal_L18_c
1293,AA_permease_N
1294,Ig_6
1295,FTO_NTD
1296,Radical_SAM
1297,RPN2_C
1298,Fer4_7
1299,TPR_8
1300,Carn_acyltransf
1301,NAD_synthase
1302,Spectrin_like
1303,Josephin
1304,3Beta_HSD
1305,HCV_NS4b
1306,RasGEF
1307,Peptidase_C30
1308,PRAS
1309,Tubulin-binding
1310,PRMT5_C
1311,Glyco_hydro_15
1312,ADAM_CR
1313,SIR2
1314,Lipocalin
1315,DUF3458
1316,peroxidase
1317,Toxin_trans
1318,Ribosomal_S25
1319,CHCH
1320,PC_rep
1321,PRC2_HTH_1
1322,Activin_recp
1323,FBPase
1324,Peptidase_S21
1325,NAD2
1326,Peptidase_C13
1327,VGCC_alpha2
1328,Peptidase_M3
1329,WH1
1330,VKOR
1331,Beta-APP
1332,TBP-binding
1333,H-kinase_dim
1334,DUF608
1335,NDUFB10
1336,Calreticulin
1337,Asp_Glu_race
1338,Glyco_hydr_116N
1339,Abhydrolase_2
1340,Ribosomal_L34e
1341,PUL
1342,MIF
1343,Hexokinase_1
1344,6PF2K
1345,AIRC
1346,BPL_LplA_LipB
1347,Ribosomal_L23eN
1348,MBT
1349,WGR
1350,Nramp
1351,CAF1
1352,Tissue_fac
1353,Kunitz_BPTI
1354,RNA_pol_A_CTD
1355,Ephrin_lbd
1356,Y_phosphatase
1357,SH2
1358,NAD_kinase_C
1359,Glyoxalase_4
1360,Carb_anhydrase
1361,NAR
1362,Mur_ligase
1363,Na_Ca_ex
1364,ubiquitin
1365,Peptidase_C65
1366,Citrate_bind
1367,Cyt-b5
1368,RICTOR_N
1369,Transglut_N
1370,5HT_transport_N
1371,Reticulon
1372,Disintegrin
1373,BamHI
1374,SurA_N
1375,TSP_1
1376,Ribosomal_S5
1377,Ncstrn_small
1378,FIIND
1379,Toprim_3
1380,Mab-21_C
1381,GED
1382,Thioredoxin_6
1383,RNA_helicase
1384,Sulfate_transp
1385,Suppressor_APC
1386,Hist_deacetyl
1387,AMPK1_CBM
1388,Flavi_NS1
1389,PS-DH
1390,SQHop_cyclase_C
1391,BID
1392,Ig_3
1393,zf-C2H2
1394,ACAS_N
1395,Ribosomal_L14
1396,IMPDH
1397,IL8
1398,HOIP-UBA
1399,TIG
1400,Pro_CA
1401,Menin
1402,Roc
1403,CBM_21
1404,Ku
1405,RyR
1406,AMP-binding_C
1407,GP120
1408,Ig_Tie2_1
1409,Amidinotransf
1410,LIM
1411,RPN13_C
1412,MPTase-PolyVal
1413,IL15
1414,DUF1866
1415,APC_r
1416,RNA_pol
1417,GerE
1418,Ribosomal_60s
1419,Chitin_synth_1N
1420,RNA_bind
1421,Proteasome
1422,PhoQ_Sensor
1423,E1_UFD
1424,CNV-Replicase_N
1425,NACHT
1426,dUTPase
1427,Glyco_hydro_47
1428,HAGH_C
1429,TrkA_TMD
1430,Peptidase_S26
1431,GNT-I
1432,Bin3
1433,Ribosomal_L26
1434,DOCK_N
1435,PknG_rubred
1436,bZIP_Maf
1437,Inhibitor_I29
1438,CRIC_ras_sig
1439,EF-hand_4
1440,Glyco_hydro_35
1441,Frizzled
1442,Alpha_kinase
1443,Inhibitor_Mig-6
1444,Glycogen_syn
1445,USP7_ICP0_bdg
1446,RET_CLD4
1447,APP_E2
1448,Hepcidin
1449,DUF3377
1450,Sortilin-Vps10
1451,NDUFV3
1452,RPN6_C_helix
1453,Ribonuc_2-5A
1454,Plk4_PB1
1455,Rieske
1456,SNF2_N
1457,APC_u13
1458,DCX
1459,MT-A70
1460,Cullin_binding
1461,His_Phos_2
1462,Biotin_carb_N
1463,Viral_helicase1
1464,BacA
1465,USP47_C
1466,Proton_antipo_N
1467,PTP_N
1468,PI3K_rbd
1469,Ser_hydrolase
1470,NSP11
1471,SAM_PNT
1472,MAT1
1473,CBS
1474,Granulin
1475,PEP-utilizers
1476,Ribosomal_L1
1477,Ricin_B_lectin
1478,wnt
1479,A2M_N
1480,Ank_4
1481,LBP_BPI_CETP_C
1482,Abhydrolase_6
1483,Asp-B-Hydro_N
1484,DNA_ligase_aden
1485,GAF_2
1486,Aldedh
1487,HMG_CoA_synt_N
1488,PNP_UDP_1
1489,Ephrin_rec_like
1490,RNA_ligase
1491,F-box-like
1492,UAE_UbL
1493,FKBP_C
1494,Rib_hydrolayse
1495,CSF-1
1496,Calici_PP_N
1497,FtsZ_C
1498,Jun
1499,Na_trans_assoc
1500,AHD
1501,Integrin_alpha
1502,TAS2R
1503,XPG_I
1504,HCV_NS2
1505,Death
1506,Ribosomal_S15
1507,CDC45
1508,GPAT_C
1509,EF-hand_14
1510,APC_u5
1511,hEGF
1512,NTP_transf_2
1513,Ribosomal_L34
1514,Photo_RC
1515,BCL9
1516,UvrD-helicase
1517,ADAM_CR_2
1518,MIT
1519,Insulin_TMD
1520,CoaE
1521,Ribosomal_L29e
1522,FMN_dh
1523,HPPK
1524,Dynein_AAA_lid
1525,RNA_pol_Rpb2_2
1526,Complex1_49kDa
1527,COesterase
1528,PDDEXK_1
1529,Tetraspannin
1530,tRNA-synt_1e
1531,Trehalase
1532,HMG-CoA_red
1533,Ribosomal_L5e
1534,HTH_48
1535,STAT_bind
1536,DNA_pack_C
1537,BDHCT
1538,Complex1_LYR
1539,PPTA
1540,FOXO_KIX_bdg
1541,AWS
1542,POLO_box
1543,S1
1544,AIRS
1545,Abi
1546,Cyclin_C
1547,Creb_binding
1548,HisG_C
1549,CC2-LZ
1550,PP2C
1551,A2M
1552,PAP2
1553,DUF971
1554,Plasmodium_HRP
1555,RGS-like
1556,SIN1
1557,E1_4HB
1558,CDK2AP
1559,RGS
1560,S-AdoMet_synt_C
1561,ABC2_membrane
1562,Ribosomal_L29
1563,Peptidase_C3
1564,Toprim
1565,H_PPase
1566,Na_trans_cytopl
1567,AAA_8
1568,Cyclin_N2
1569,RE_HindIII
1570,PI3K_1B_p101
1571,HCV_NS5a
1572,GTP_EFTU_D2
1573,FAD_oxidored
1574,Peptidase_A22B
1575,Pkinase_C
1576,Chromo_shadow
1577,PA-IL
1578,Pneumovirus_M2
1579,PCNA_C
1580,KRAB
1581,CPSase_sm_chain
1582,Arabino_trans_N
1583,Formyl_trans_N
1584,zf-DBF
1585,Oxidored_q2
1586,Jak1_Phl
1587,zf-CCCH
1588,ICMT
1589,SLBB
1590,UBA_5
1591,HNOB
1592,Dynamin_M
1593,MYO10_CC
1594,Acetyltransf_2
1595,polyprenyl_synt
1596,ACP_syn_III_C
1597,BRCT
1598,PPV_E1_C
1599,CaMKII_AD
1600,REPA_OB_2
1601,NADH_dhqG_C
1602,PAC1
1603,Tubulin_C
1604,CoV_NSP6
1605,Arylesterase
1606,Hydrolase_4
1607,Ion_trans
1608,AAA_11
1609,CERK_C
1610,Ribosomal_L12
1611,V-set
1612,Ion_trans_2
1613,Glyco_transf_8
1614,PG_binding_1
1615,PFU
1616,FAT
1617,ParE_toxin
1618,OSCP
1619,GATase
1620,RPE65
1621,NAD_binding_2
1622,Rep_fac-A_C
1623,Succ_DH_flav_C
1624,F_bP_aldolase
1625,DIL
1626,Sulfatase
1627,ZZ
1628,HSL_N
1629,LSDAT_euk
1630,AAA_33
1631,Dynein_heavy
1632,7tm_3
1633,WHIM1
1634,MatE
1635,PfkB
1636,LBP_BPI_CETP
1637,Lon_C
1638,AAA_7
1639,Tyr-DNA_phospho
1640,Hormone_recep
1641,Biopterin_H
1642,POT1
1643,RnaseA
1644,RB_B
1645,Phos_pyr_kin
1646,RET_CLD1
1647,zf-HC5HC2H
1648,P3A
1649,Aminotran_1_2
1650,Cyclin_C_2
1651,Semialdhyde_dhC
1652,THF_DHG_CYH_C
1653,LIG3_BRCT
1654,Ribosomal_L21e
1655,GRIM-19
1656,Ank_2
1657,RNA_pol_Rpb2_1
1658,C1_1
1659,ACPS
1660,TPKR_C2
1661,Recep_L_domain
1662,Fer4_17
1663,Ribosomal_L39
1664,MA3
1665,PI-PLC-X
1666,SEC-C
1667,Ribosomal_L33
1668,Ribosomal_L6e_N
1669,CDC48_N
1670,C2
1671,GPS2_interact
1672,E1_dh
1673,NPM1-C
1674,XPA_N
1675,TGF_beta
1676,HLH
1677,Lycopene_cycl
1678,UBA_4
1679,Peptidase_C80
1680,Reprolysin
1681,Amino_oxidase
1682,Thyroglobulin_1
1683,Glyco_hydro_42
1684,PGDH_inter
1685,Forkhead
1686,7tm_2
1687,zf-MYND
1688,BetaGal_dom2
1689,RR_TM4-6
1690,Transpeptidase
1691,Na_sulph_symp
1692,SH3_10
1693,BK_channel_a
1694,RNA_pol_Rpb1_R
1695,S10_plectin
1696,Spermine_synt_N
1697,OTCace
1698,Pestivirus_E2
1699,GATA
1700,Glyco_transf_29
1701,Ribosomal_L3
1702,INPP5B_PH
1703,UCR_14kD
1704,Urease_linker
1705,COX1
1706,LON_substr_bdg
1707,Arginase
1708,Pico_P2B
1709,NAD_binding_8
1710,PMI_typeI
1711,Collectrin
1712,Sulfotransfer_1
1713,TAF1_subA
1714,Ribosomal_S3Ae
1715,Sox17_18_mid
1716,Cytochrom_B558a
1717,Spin-Ssty
1718,NCOA_u2
1719,Pro_dh
1720,VWA_3
1721,Synapsin_C
1722,zf-C4pol
1723,Pico_P2A
1724,PPP5
1725,DUF3652
1726,Flavoprotein
1727,DNA_ligase_OB
1728,tRNA-synt_1c
1729,RHD_dimer
1730,ADAM17_MPD
1731,PP1c_bdg
1732,TTD
1733,IGPD
1734,zf-UBP
1735,APAF1_C
1736,WHEP-TRS
1737,REV1_C
1738,Pribosyl_synth
1739,Ribosomal_L5
1740,Peptidase_M20
1741,Ribosomal_L31e
1742,Lyase_8
1743,BET
1744,ICAM_N
1745,Urease_alpha
1746,Microtub_bind
1747,POU2F1_C
1748,DNA_pol_B_exo1
1749,RVT_1
1750,Ribosomal_L36e
1751,HIT
1752,MBD
1753,Peptidase_M16_M
1754,KCNQ_channel
1755,Guanylate_cyc
1756,Proteasome_A_N
1757,EF-hand_7
1758,MazG-like
1759,Arg_tRNA_synt_N
1760,DNA_pack_N
1761,VWA_N
1762,Cyclin_N
1763,Ald_Xan_dh_C
1764,Helicase_PWI
1765,PLA2_B
1766,Peripla_BP_4
1767,ADAM_CR_3
1768,tRNA-synt_1
1769,ARTD15_N
1770,Fer4_21
1771,PI3Ka
1772,ecTbetaR2
1773,Tim17
1774,SRCR_2
1775,AMA-1
1776,CARM1
1777,Na_Ca_ex_C
1778,SpmSyn_N
1779,Fib_alpha
1780,PDR_CDR
1781,BTK
1782,Proteasom_Rpn13
1783,Neur_chan_LBD
1784,CRM1_repeat
1785,Rad10
1786,FERM_N
1787,ADK
1788,P4Ha_N
1789,Peptidase_M24
1790,Seryl_tRNA_N
1791,IRK_N
1792,Methyltransf_11
1793,Pox_MCEL
1794,Ribosomal_L41
1795,PRMT5
1796,SCP2
1797,zf_UBZ
1798,Ribosomal_L37ae
1799,An_peroxidase
1800,C5HCH
1801,PDGF
1802,Catalase-rel
1803,RHD_DNA_bind
1804,IL2
1805,Sharpin_PH
1806,Acyl-CoA_ox_N
1807,Phospholip_A2_2
1808,PBD
1809,DnaB_C
1810,Histidinol_dh
1811,CRT-like
1812,ABC1
1813,PLDc_2
1814,L51_S25_CI-B8
1815,REV
1816,Gag_p24_C
1817,Ribosomal_L27
1818,Polysacc_deac_1
1819,Aminotran_5
1820,GCR
1821,AC_N
1822,LCAT
1823,Pro_isomerase
1824,Methuselah_N
1825,G6PD_C
1826,2-Hacid_dh
1827,DUF1965
1828,Peptidase_M18
1829,BsuBI_PstI_RE
1830,Ribosomal_L36
1831,Ribosomal_L32p
1832,RmlD_sub_bind
1833,Furin-like
1834,DUF3458_C
1835,Aurora-A_bind
1836,DUF3655
1837,PK
1838,Glyco_hydro_65m
1839,RecC_C
1840,Glucan_synthase
1841,Topoisom_I
1842,Ndufs5
1843,Fer4_20
1844,HGTP_anticodon
1845,NUDIX
1846,EF-hand_5
1847,zf_C2H2_10
1848,Cu-oxidase
1849,Peptidase_M13
1850,Proton_antipo_M
1851,Polyoma_lg_T_C
1852,Sec63
1853,Lys
1854,PRMT5_TIM
1855,Transthyretin
1856,HTH_61
1857,EcoRI
1858,BLM_N
1859,Herpes_UL52
1860,AMPKBI
1861,Ribosomal_S14
1862,Glutaredoxin
1863,CRM1_repeat_2
1864,Peptidase_C50
1865,GST_N_5
1866,ALO
1867,Ketoacyl-synt_C
1868,Ku_N
1869,Pyrophosphatase
1870,HMMR_C
1871,Ribosomal_L2
1872,AAA
1873,Peptidase_M24_C
1874,Ribosomal_L7Ae
1875,PI-PLC-Y
1876,Ribosomal_L22e
1877,BACK
1878,Bcr-Abl_Oligo
1879,MoCoBD_2
1880,Anticodon_3
1881,PI4K_N
1882,FAD_binding_6
1883,Peptidase_M4
1884,Ribosomal_L16
1885,Bax1-I
1886,Ribosomal_L15e
1887,53-BP1_Tudor
1888,Ribosomal_L19e
1889,MitoNEET_N
1890,Arf
1891,Melibiase_2
1892,14-3-3
1893,Urease_beta
1894,Glutaminase
1895,TIMP
1896,PH_19
1897,zf-CCHC_6
1898,GalKase_gal_bdg
1899,B12-binding
1900,S-methyl_trans
1901,UQ_con
1902,E2F_TDP
1903,Oxidored_q3
1904,Ldl_recept_b
1905,Glyco_hydro_59
1906,Ribosomal_L18A
1907,Lig_chan
1908,Gasdermin_C
1909,Helicase_IV_N
1910,PDEase_I
1911,Nucleoplasmin
1912,PAF-AH_p_II
1913,Aldo_ket_red
1914,Glyco_hydro_65N
1915,Flavi_M
1916,DNMT1-RFD
1917,Corona_NSP4_C
1918,Peptidase_C48
1919,DSBA
1920,NPL
1921,EFG_C
1922,DUF2046
1923,RIIa
1924,PAD_porph
1925,ACP_syn_III
1926,AdenylateSensor
1927,PKK
1928,Glyco_transf_17
1929,DEK_C
1930,TSP_C
1931,tRNA_SAD
1932,zf-B_box
1933,Binary_toxB
1934,zf-TAZ
1935,Ribosomal_S9
1936,Glyco_hydro_2_C
1937,Prog_receptor
1938,DUF3512
1939,NB-ARC
1940,DHR-2_Lobe_C
1941,CoV_NSP2_C
1942,Clathrin
1943,JmjN
1944,DNAPKcs_CC5
1945,VirDNA-topo-I_N
1946,CReP_N
1947,IL5
1948,GTP_EFTU
1949,Herpes_TK
1950,Cation_ATPase
1951,Tlr3_TMD
1952,Rio2_N
1953,Flavodoxin_2
1954,HAMP
1955,Rhodopsin_N
1956,Ribosomal_L21p
1957,WH2
1958,USP7_C2
1959,CPT_N
1960,ERG4_ERG24
1961,FDX-ACB
1962,AMP-binding
1963,TPR_1
1964,PFK
1965,Lipase
1966,DNA_pol_B
1967,Patatin
1968,DEP
1969,CofH_C
1970,SAM_1
1971,BPL_C
1972,DHC_N2
1973,N-SET
1974,HR1
1975,Hydrolase_3
1976,ArfGap
1977,PRY
1978,Aph-1
1979,Sortilin_C
1980,Na_H_Exchanger
1981,TspO_MBR
1982,PID
1983,Peptidase_C37
1984,INCENP_ARK-bind
1985,Ras
1986,JAB
1987,dsrm
1988,Ribosomal_L12_N
1989,Rhomboid_N
1990,Shal-type
1991,Rhodanese
1992,Mucin-like
1993,RNA_pol_Rpb1_5
1994,LepA_C
1995,AdoHcyase_NAD
1996,SM-ATX
1997,bZIP_2
1998,bCoV_S1_N
1999,MH1
2000,MG4
2001,hGDE_N
2002,Glycolytic
2003,Macro
2004,STAT1_TAZ2bind
2005,Peptidase_S9
2006,HTH_18
2007,HNOBA
2008,SWIRM
2009,Runt
2010,TAN
2011,C1-set
2012,Flu_PB1
2013,BAH
2014,Suv3_C_1
2015,Ribosomal_L27A
2016,Catalase
2017,Fascin
2018,Vps4_C
2019,DUF3399
2020,USP19_linker
2021,Nuc_recep-AF1
2022,PNK3P
2023,AAA_2
2024,HTH_1
2025,DUF5598
2026,JmjC
2027,LRR_5
2028,Cupin_8
2029,VWA_2
2030,Hydrolase_like
2031,AAA_9
2032,GHMP_kinases_C
2033,Sod_Fe_C
2034,Tet_JBP
2035,MraY_sig1
2036,Peptidase_M15
2037,Thioesterase
2038,Gag_p24
2039,ATP-cone
2040,Acetyltransf_17
2041,LPAM_1
2042,PH_16
2043,UPF0240
2044,ANATO
2045,dNK
2046,PTN_MK_N
2047,PP2C_C
2048,CoV_NSP15_C
2049,DMAP_binding
2050,RT_RNaseH_2
2051,PLDc_3
2052,Peptidase_S9_N
2053,CKS
2054,DOMON
2055,ig
2056,Topo_Zn_Ribbon
2057,Peptidase_M17
2058,F5_F8_type_C
2059,Interfer-bind
2060,NSP10
2061,Helicase_C
2062,IL6
2063,HMG_CoA_synt_C
2064,Tudor-knot
2065,BRD4_CDT
2066,hGDE_central
2067,DAPDH_C
2068,CBM_20
2069,CBM_14
2070,CO_deh_flav_C
2071,ERCC4
2072,Beta-lactamase2
2073,AA_permease_2
2074,KH_1
2075,CAP_GLY
2076,HCV_NS4a
2077,ELM2
2078,EF-hand_like
2079,MBDa
2080,Thrombin_light
2081,COX2
2082,Troponin
2083,CSD
2084,Peptidase_S10
2085,Pou
2086,ClpB_D2-small
2087,Lipase_3
2088,PYRIN
2089,MMS1_N
2090,TauD
2091,DUF3481
2092,CathepsinC_exc
2093,Ribosomal_L13e
2094,AhpC-TSA_2
2095,PI3K_P85_iSH2
2096,RICTOR_phospho
2097,Peptidase_M48
2098,PDE6_gamma
2099,Ribosomal_L13
2100,DSPc
2101,DTHCT
2102,Ribosom_S12_S23
2103,Glyco_hydro_30
2104,Peptidase_M1
2105,DUF5915
2106,G-gamma
2107,GyrB_insert
2108,Flu_NP
2109,Sema
2110,GARS_C
2111,PAN_1
2112,CBAH
2113,Met_synt_B12
2114,KCNQC3-Ank-G_bd
2115,TNFR_c6
2116,RED_N
2117,Hemopexin
2118,TGFb_propeptide
2119,EHD_N
2120,NADHdh
2121,SQHop_cyclase_N
2122,Integrin_b_cyt
2123,RPN5_C
2124,CD4-extracel
2125,Aminotran_4
2126,Ribosomal_L18
2127,Na_H_antiport_1
2128,RPN7
2129,Transketolase_N
2130,RNA_pol_Rpb2_7
2131,Leuk-A4-hydro_C
2132,FtsJ
2133,YBD
2134,DUF5604
2135,LpxC
2136,E2_bind
2137,Arrestin_N
2138,PB1
2139,GSP_synth
2140,MBOAT
2141,RAMP
2142,VGCC_beta4Aa_N
2143,ALAD
2144,Acyl_transf_1
2145,Evr1_Alr
2146,HH_signal
2147,FYRC
2148,HRM
2149,CI-B14_5a
2150,DUF1943
2151,Oest_recep
2152,TTL
2153,ERG2_Sigma1R
2154,Arabino_trans_C
2155,NLRC4_HD
2156,Glyco_hydro_36N
2157,PA14
2158,2OG-FeII_Oxy_2
2159,PSI
2160,CoV_NSP4_N
2161,DUF1908
2162,Enolase_N
2163,Gag_MA
2164,PknG_TPR
2165,PAE
2166,Inhibitor_I9
2167,Peptidase_C2
2168,UMPH-1
2169,Dynamin_N
2170,Gly_radical
2171,IMS_C
2172,SNF
2173,Ribosomal_S11
2174,MATH
2175,Methyltransf_25
2176,YgbB
2177,Ribosomal_S4
2178,DUF3591
2179,FISNA
2180,Choline_bind_3
2181,Chromo
2182,ATP-synt_Eps
2183,zf-C3HC4_5
2184,VCIP135_N
2185,DXPR_C
2186,IL1
2187,GluR_Homer-bdg
2188,Sod_Cu
2189,Yippee-Mis18
2190,MitMem_reg
2191,UPAR_LY6
2192,Glyco_transf_10
2193,DPPIV_N
2194,Peptidase_M17_N
2195,tRNA-synt_2d
2196,2-oxoacid_dh
2197,Astacin
2198,Endonuclease_NS
2199,tRNA_edit
2200,DUF3544
2201,VWA
2202,DUF1738
2203,Ribosomal_L28e
2204,GST_C
2205,PA
2206,RNA_pol_Rpb1_4
2207,PH
2208,NMO
2209,ApoB100_C
2210,EAL
2211,FKS1_dom1
2212,Synuclein
2213,EpoR_lig-bind
2214,Pribosyltran
2215,RT_RNaseH
2216,B12-binding_2
2217,RL10P_insert
2218,Pkinase_fungal
2219,ATG4_LIR
2220,Ribosomal_S21
2221,ADH_zinc_N_2
2222,SPX
2223,EPSP_synthase
2224,DHFR_1
2225,Glyco_hydro_65C
2226,RB_A
2227,ATP-synt_C
2228,Claudin_2
2229,Glyco_tran_10_N
2230,NDUF_B6
2231,Peptidase_M2
2232,TPR_19
2233,Prion_bPrPp
2234,TPP_enzyme_N
2235,p450
2236,Hepatitis_core
2237,Glyco_tranf_2_3
2238,WSD
2239,PTR2
2240,MYT1
2241,Sial-lect-inser
2242,GSAP-16
2243,tRNA-synt_2
2244,Nucleos_tra2_C
2245,Trefoil
2246,TSP1_ADAMTS
2247,BMP2K_C
2248,FAD_binding_1
2249,PDEase_I_N
2250,Syja_N
2251,PglD_N
2252,DOCK-C2
2253,CaKB
2254,Peptidase_M50
2255,PCB_OB
2256,ApoL
2257,DUF3586
2258,E1_FCCH
2259,I-set
2260,Asp_Arg_Hydrox
2261,PT
2262,SK_channel
2263,RET_CLD3
2264,CIA30
2265,Innexin
2266,Glycohydro_20b2
2267,HHH_2
2268,MENTAL
2269,Pkinase_Tyr
2270,PTPS
2271,PAP2_3
2272,Ribosomal_L25p
2273,CaM_bdg_C0
2274,Glyco_hydro_85
2275,TOPRIM_C
2276,dTDP_sugar_isom
2277,Orai-1
2278,Metallophos_C
2279,Glyco_transf_7N
2280,P53_TAD
2281,Myosin_TH1
2282,CRIM
2283,NPC1_N
2284,MGAT2
2285,DHDPS
2286,HA2
2287,MT
2288,RVT_connect
2289,Chitin_synth_2
2290,AA_permease
2291,Tyrosinase
2292,zf-CDGSH
2293,HisG
2294,MAGUK_N_PEST
2295,zf-RING_2
2296,DHO_dh
2297,NDUF_B7
2298,VEGFR-2_TMD
2299,RdRP_3
2300,zf-PARP
2301,Fimbrial
2302,2Fe-2S_thioredx
2303,GARS_N
2304,FA_hydroxylase
2305,Ribosomal_S6
2306,Anoctamin
2307,ATP-synt_S1
2308,SQS_PSY
2309,Pep_M12B_propep
2310,LMWPc
2311,Steroid_dh
2312,RNA_pol_Rpb2_3
2313,Man-6-P_recep
2314,DNAPKcs_CC1-2
2315,TPP_enzyme_C
2316,VPS9
2317,P2RX7_C
2318,Iso_dh
2319,Sortase
2320,ENTH
2321,DUF1154
2322,Pr_beta_C
2323,DUF4208
2324,PA-IIL
2325,Flu_M2
2326,FATC
2327,A1_Propeptide
2328,Asparaginase_2
2329,Orn_DAP_Arg_deC
2330,Lectin_C
2331,RabGGT_insert
2332,MecA_N
2333,zf-CHCC
2334,GDE_C
2335,Fer2_2
2336,HMG_box
2337,Biotin_lipoyl
2338,Cu2_monooxygen
2339,Ribosomal_L35p
2340,NADH5_C
2341,ABC_membrane
2342,DDT
2343,Lysyl_oxidase
2344,Pep_deformylase
2345,Rad60-SLD
2346,PEPCK_N
2347,WW
2348,Kelch_1
2349,DnaB
2350,NMT
2351,5_3_exonuc_N
2352,Hydrolase_6
2353,TEA
2354,LYTB
2355,CAF1C_H4-bd
2356,Pkinase
2357,GnHR_trans
2358,GATase_6
2359,Choline_kinase
2360,SecA_SW
2361,Ligase_CoA
2362,rve
2363,MEKK4_N
2364,7tm_4
2365,zf-HC5HC2H_2
2366,PK_C
2367,Anthrax_toxA
2368,Ceramidse_alk_C
2369,PapD_C
2370,zf-C2HC
2371,DUF3543
2372,Hpr_kinase_C
2373,Hpt
2374,DNA_pol_B_palm
2375,Lyase_8_N
2376,Taq-exonuc
2377,HATPase_c
2378,CybS
2379,Glyco_transf_6
2380,SH3_9
2381,KOW
2382,MLVIN_C
2383,ASC
2384,Prefoldin_2
2385,Glyco_hydro_1
2386,Fucosidase_C
2387,PLC-beta_C
2388,Mannosidase_ig
2389,Cu-oxidase_3
2390,DMPK_coil
2391,BAR_3
2392,Molybdopterin
2393,GHMP_kinases_N
2394,LEDGF
2395,Dickkopf_N
2396,PLAC
2397,NAAA-beta
2398,EHN
2399,PI3K_p85B
2400,FERM_N_2
2401,YegS_C
2402,Ribosomal_L5_C
2403,CHAP
2404,UBM
2405,MyTH4
2406,DRMBL
2407,PAC3
2408,DUF3452
2409,DNA_ligase_A_N
2410,Laminin_G_1
2411,Glyco_hydro_30C
2412,Hormone_2
2413,Ribonuc_red_lgN
2414,FAA_hydrolase
2415,23ISL
2416,GDP_Man_Dehyd
2417,Palm_thioest
2418,DRHyd-ASK
2419,RCC1
2420,Ribosomal_L30
2421,OSR1_C
2422,Tiam_CC_Ex
2423,2OG-FeII_Oxy_4
2424,ARID
2425,E3_UbLigase_RBR
2426,UvrD_C_2
2427,LytTR
2428,Tyosinase_C
2429,DUSP
2430,Fapy_DNA_glyco
2431,EBV-NA1
2432,Topo_C_assoc
2433,Rpn3_C
2434,Na_K-ATPase
2435,CRM1_C
2436,Reprolysin_2
